id,error,created_on
21687284833826659,Not found,2023-10-26
21678901651266948,Not found,2023-10-26
11685022090308847,Not found,2023-10-26
11685629002834700,Not found,2023-10-26
11686128125480463,Not found,2023-10-26
21680180208475971,Not found,2023-10-26
11667973513636462,Not found,2023-10-26
21687197616759639,Not found,2023-10-26
11684742496843176,Not found,2023-10-26
11675968469304757,Not found,2023-10-26
21682157075567864,Not found,2023-10-26
21667738171595779,Not found,2023-10-26
11679574469723177,Not found,2023-10-26
21678281492086287,Not found,2023-10-26
21682345682517649,Not found,2023-10-26
11684396579231140,Not found,2023-10-26
11685738893902740,Not found,2023-10-26
11685292736178486,Not found,2023-10-26
21684411081100566,Not found,2023-10-26
11650571845402664,Not found,2023-10-26
21686047606997000,Not found,2023-10-26
11678046589160503,Not found,2023-10-26
21679413037417832,Not found,2023-10-26
11686809479068591,Not found,2023-10-26
11687339874035451,Not found,2023-10-26
21684147622396561,Not found,2023-10-26
11685776581061721,Not found,2023-10-26
21680248550907301,Not found,2023-10-26
11680604028862730,Not found,2023-10-26
11698324247395856,Not found,2023-10-26
21659108381765609,Not found,2023-10-26
21680187545354563,Not found,2023-10-26
11669571739733250,Not found,2023-10-26
11665477230347598,Not found,2023-10-26
11670526899352772,Not found,2023-10-26
11683628865493129,Not found,2023-10-26
11683905806152431,Not found,2023-10-26
11685532427007933,Not found,2023-10-26
11684502122496500,Not found,2023-10-26
11683717009102203,Not found,2023-10-26
21671722490318175,Not found,2023-10-26
21684331211871226,Not found,2023-10-26
21679751668726396,Not found,2023-10-26
11687248038602231,Not found,2023-10-26
11683816874969591,Not found,2023-10-26
11685013560192202,Not found,2023-10-26
11652191334997753,Not found,2023-10-26
11685599214145751,Not found,2023-10-26
21685815870018778,Not found,2023-10-26
11674349104738674,Not found,2023-10-26
11683156798644792,Not found,2023-10-26
11684065873864224,Not found,2023-10-26
11678879489724821,Not found,2023-10-26
11664540746859020,Not found,2023-10-26
11680369233723494,Not found,2023-10-26
11685989528520565,Not found,2023-10-26
21670059196217918,Not found,2023-10-26
11682853441258534,Not found,2023-10-26
11683728045534606,Not found,2023-10-26
21675609748688339,Not found,2023-10-26
11687295229384985,Not found,2023-10-26
21683545641315665,Not found,2023-10-26
21674814248706964,Not found,2023-10-26
11677051345015507,Not found,2023-10-26
21684403205541858,Not found,2023-10-26
11679341616932613,Not found,2023-10-26
11679462574228221,Not found,2023-10-26
11684124344075001,Not found,2023-10-26
11681307652776121,Not found,2023-10-26
21685544956209550,Not found,2023-10-26
11685628741271017,Not found,2023-10-26
11658348463476174,Not found,2023-10-26
11680533465309735,Not found,2023-10-26
21684849640965950,Not found,2023-10-26
21685774371243492,Not found,2023-10-26
11669991602079109,Not found,2023-10-26
11683636004733157,Not found,2023-10-26
11679000263788142,Not found,2023-10-26
11681823171735927,Not found,2023-10-26
11682063902654974,Not found,2023-10-26
11684606188604048,Not found,2023-10-26
21685519739771435,Not found,2023-10-26
11481540126994079,Not found,2023-10-26
11674035842259485,Not found,2023-10-26
11559312122749365,Not found,2023-10-26
11685682463772408,Not found,2023-10-26
21684353180678455,Not found,2023-10-26
11684177171386303,Not found,2023-10-26
11686810455032091,Not found,2023-10-26
11680966812483139,Not found,2023-10-26
11682095736155330,Not found,2023-10-26
21667078803614998,Not found,2023-10-26
11681669963798400,Not found,2023-10-26
11674386734415197,Not found,2023-10-26
21683274033606521,Not found,2023-10-26
11669128000266207,Not found,2023-10-26
11686657078472457,Not found,2023-10-26
11682683886732709,Not found,2023-10-26
11678373528033904,Not found,2023-10-26
11686392638545053,Not found,2023-10-26
11679756763122598,Not found,2023-10-26
21680524636315149,Not found,2023-10-26
11684751683542512,Not found,2023-10-26
11675005307615607,Not found,2023-10-26
21686511165037031,Not found,2023-10-26
11680168082726681,Not found,2023-10-26
11685018554383434,Not found,2023-10-26
11678911296826526,Not found,2023-10-26
21681308678715212,Not found,2023-10-26
11679165521006606,Not found,2023-10-26
21678143896492991,Not found,2023-10-26
11684998562050211,Not found,2023-10-26
21667900216420556,Not found,2023-10-26
11684335492976657,Not found,2023-10-26
11679167045602098,Not found,2023-10-26
21684364611317966,Not found,2023-10-26
11669907540585910,Not found,2023-10-26
21682059737235534,Not found,2023-10-26
21687261681987643,Not found,2023-10-26
11684396867368706,Not found,2023-10-26
11678741116153533,Not found,2023-10-26
11671786655190239,Not found,2023-10-26
11687204623664108,Not found,2023-10-26
21682451038705019,Not found,2023-10-26
11684846752461850,Not found,2023-10-26
21677006893289589,Not found,2023-10-26
11684078277062351,Not found,2023-10-26
11685642484389553,Not found,2023-10-26
21686559290466795,Not found,2023-10-26
11671454220035596,Not found,2023-10-26
11679819809141480,Not found,2023-10-26
11677488227857279,Not found,2023-10-26
21673169691977764,Not found,2023-10-26
11687278697006684,Not found,2023-10-26
21669300444302332,Not found,2023-10-26
11682609409437730,Not found,2023-10-26
11685646140690030,Not found,2023-10-26
11676389159702104,Not found,2023-10-26
21676739596369166,Not found,2023-10-26
11678442122385725,Not found,2023-10-26
21683729807829221,Not found,2023-10-26
11643724372849625,Not found,2023-10-26
11685513792929625,Not found,2023-10-26
21672227687993942,Not found,2023-10-26
21684250085715813,Not found,2023-10-26
11684014781807601,Not found,2023-10-26
21680349088624941,Not found,2023-10-26
11683531496182362,Not found,2023-10-26
11671972226110031,Not found,2023-10-26
21681373817076651,Not found,2023-10-26
11684051837048265,Not found,2023-10-26
11685371111842782,Not found,2023-10-26
21669049032139163,Not found,2023-10-26
11697025142093016,Not found,2023-10-26
21682342257171772,Not found,2023-10-26
11687280298636684,Not found,2023-10-26
21683108202809018,Not found,2023-10-26
21677854678331320,Not found,2023-10-26
11682942008819068,Not found,2023-10-26
21669545366784269,Not found,2023-10-26
21655821733897413,Not found,2023-10-26
21613731867312011,Not found,2023-10-26
11675709323268337,Not found,2023-10-26
11678968295963610,Not found,2023-10-26
11683995836594255,Not found,2023-10-26
11666425733937434,Not found,2023-10-26
11681409231731169,Not found,2023-10-26
21680603356368728,Not found,2023-10-26
11684253005697045,Not found,2023-10-26
11685858241027238,Not found,2023-10-26
11676050643847009,Not found,2023-10-26
11687181374093048,Not found,2023-10-26
11687253838567421,Not found,2023-10-26
11681994515141003,Not found,2023-10-26
11680708337211415,Not found,2023-10-26
11671219457039000,Not found,2023-10-26
11679392712797385,Not found,2023-10-26
21682950663251285,Not found,2023-10-26
21658928875695868,Not found,2023-10-26
21679385741186328,Not found,2023-10-26
21683553490737547,Not found,2023-10-26
11673982220261385,Not found,2023-10-26
11683223931672806,Not found,2023-10-26
11687272906007570,Not found,2023-10-26
11685909780308908,Not found,2023-10-26
11684139217117963,Not found,2023-10-26
21686578173917947,Not found,2023-10-26
11684680047006702,Not found,2023-10-26
11683813611427319,Not found,2023-10-26
21678371193837121,Not found,2023-10-26
11676733692137132,Not found,2023-10-26
11675580449258399,Not found,2023-10-26
11680199443644359,Not found,2023-10-26
21693335810434710,Not found,2023-10-26
11684219888738753,Not found,2023-10-26
11678629420234009,Not found,2023-10-26
11670850798178377,Not found,2023-10-26
11672897695518679,Not found,2023-10-26
11662716051118115,Not found,2023-10-26
11676567492767259,Not found,2023-10-26
11679038562066975,Not found,2023-10-26
11681040902912076,Not found,2023-10-26
11686265268935717,Not found,2023-10-26
21680244184772771,Not found,2023-10-26
11683738610188225,Not found,2023-10-26
21684658782842243,Not found,2023-10-26
21669289917298881,Not found,2023-10-26
11670425441850359,Not found,2023-10-26
11686510270170175,Not found,2023-10-26
21683875395674663,Not found,2023-10-26
11681299744116598,Not found,2023-10-26
21682592833765371,Not found,2023-10-26
11631811174105229,Not found,2023-10-26
11680710740484051,Not found,2023-10-26
21679493968840722,Not found,2023-10-26
11678482207999652,Not found,2023-10-26
21684857841940513,Not found,2023-10-26
21685459110748931,Not found,2023-10-26
11684828167391839,Not found,2023-10-26
21680250039159629,Not found,2023-10-26
11684683557904491,Not found,2023-10-26
21686207488954615,Not found,2023-10-26
21685104451338956,Not found,2023-10-26
21681148752875121,Not found,2023-10-26
11678349642602308,Not found,2023-10-26
11685377117492618,Not found,2023-10-26
21684699346065270,Not found,2023-10-26
21667207681811351,Not found,2023-10-26
11673285782245758,Not found,2023-10-26
11685564389068232,Not found,2023-10-26
11681234453874357,Not found,2023-10-26
11670587593278351,Not found,2023-10-26
11681316397036426,Not found,2023-10-26
11666808662393388,Not found,2023-10-26
21683641542877917,Not found,2023-10-26
21686810898622336,Not found,2023-10-26
11684317782521504,Not found,2023-10-26
21660743963290299,Not found,2023-10-26
21666185060039458,Not found,2023-10-26
21676382400563403,Not found,2023-10-26
11683986223716704,Not found,2023-10-26
11677151762113220,Not found,2023-10-26
11676398939179059,Not found,2023-10-26
21686566310214761,Not found,2023-10-26
11687187186566143,Not found,2023-10-26
11683810789625210,Not found,2023-10-26
11683010510506620,Not found,2023-10-26
11685370402007489,Not found,2023-10-26
21677952715137793,Not found,2023-10-26
21685821716551648,Not found,2023-10-26
11664983083881564,Not found,2023-10-26
21687084584257119,Not found,2023-10-26
11685372471408742,Not found,2023-10-26
11678960629561634,Not found,2023-10-26
21664007475503996,Not found,2023-10-26
21687091938887805,Not found,2023-10-26
11683096867936806,Not found,2023-10-26
11684000466354635,Not found,2023-10-26
21685812470742453,Not found,2023-10-26
11679567946557461,Not found,2023-10-26
21679303533847500,Not found,2023-10-26
11684847641046094,Not found,2023-10-26
21669640500378191,Not found,2023-10-26
11685436954364984,Not found,2023-10-26
11677166122738331,Not found,2023-10-26
11678349029152746,Not found,2023-10-26
11681206842535913,Not found,2023-10-26
11669308295574627,Not found,2023-10-26
21665736704174347,Not found,2023-10-26
11683045577379398,Not found,2023-10-26
21658485083290598,Not found,2023-10-26
21684413958005096,Not found,2023-10-26
11664521684303771,Not found,2023-10-26
11686140169845467,Not found,2023-10-26
11686976579191911,Not found,2023-10-26
21685131932952093,Not found,2023-10-26
11674660835133186,Not found,2023-10-26
11684877846951733,Not found,2023-10-26
11683123086737848,Not found,2023-10-26
11685523000272150,Not found,2023-10-26
11686750360382256,Not found,2023-10-26
11687161525207160,Not found,2023-10-26
21683356968527525,Not found,2023-10-26
11523081673949151,Not found,2023-10-26
21679046395837006,Not found,2023-10-26
11685572361744536,Not found,2023-10-26
21686480979743779,Not found,2023-10-26
11686412349020233,Not found,2023-10-26
11686663450963846,Not found,2023-10-26
11682103507305749,Not found,2023-10-26
11684306408582448,Not found,2023-10-26
11670020102264924,Not found,2023-10-26
21683824284261778,Not found,2023-10-26
11656149579513590,Not found,2023-10-26
11675436755579634,Not found,2023-10-26
11675945785450674,Not found,2023-10-26
11674124301504517,Not found,2023-10-26
21682430983479798,Not found,2023-10-26
11680157144727573,Not found,2023-10-26
11685539101577655,Not found,2023-10-26
11684083056781029,Not found,2023-10-26
11687250745536336,Not found,2023-10-26
21663243509234789,Not found,2023-10-26
21682268265156123,Not found,2023-10-26
11632607229946680,Not found,2023-10-26
11680531321562902,Not found,2023-10-26
11680268709236508,Not found,2023-10-26
11684163944597216,Not found,2023-10-26
11685449371594335,Not found,2023-10-26
11684612462956600,Not found,2023-10-26
11669730521577614,Not found,2023-10-26
11681139231185347,Not found,2023-10-26
11667916383073430,Not found,2023-10-26
11671832706140420,Not found,2023-10-26
21677166336942215,Not found,2023-10-26
21682601020033661,Not found,2023-10-26
11676653748283635,Not found,2023-10-26
21685993296415736,Not found,2023-10-26
21651679669134215,Not found,2023-10-26
11683210502811842,Not found,2023-10-26
11674387414257674,Not found,2023-10-26
21682001722032032,Not found,2023-10-26
11683099400089724,Not found,2023-10-26
21679119656433194,Not found,2023-10-26
11683356248865695,Not found,2023-10-26
11682511401641442,Not found,2023-10-26
11679979724762881,Not found,2023-10-26
21684927097468177,Not found,2023-10-26
11679931102396911,Not found,2023-10-26
11687290148555381,Not found,2023-10-26
21678961714251114,Not found,2023-10-26
11663002249627310,Not found,2023-10-26
11684240411333971,Not found,2023-10-26
21680515284326655,Not found,2023-10-26
11678575425513383,Not found,2023-10-26
11684594248688399,Not found,2023-10-26
21677841926986357,Not found,2023-10-26
21687109786296723,Not found,2023-10-26
11676632380511684,Not found,2023-10-26
11685623456143264,Not found,2023-10-26
21678375664974539,Not found,2023-10-26
11676109566434084,Not found,2023-10-26
11676022930289031,Not found,2023-10-26
11683269154269185,Not found,2023-10-26
11651854104163845,Not found,2023-10-26
11684852675517405,Not found,2023-10-26
11687295202699216,Not found,2023-10-26
11680637325945973,Not found,2023-10-26
21683816002154468,Not found,2023-10-26
21679824808723797,Not found,2023-10-26
11687204940553855,Not found,2023-10-26
11669980024571591,Not found,2023-10-26
21675113642723622,Not found,2023-10-26
11684582562487227,Not found,2023-10-26
21656686314473025,Not found,2023-10-26
11685384120053713,Not found,2023-10-26
21684823714063706,Not found,2023-10-26
21673970377821391,Not found,2023-10-26
11684250823973659,Not found,2023-10-26
21684684171663059,Not found,2023-10-26
11682583380551326,Not found,2023-10-26
11665732381431179,Not found,2023-10-26
11685635508784750,Not found,2023-10-26
11684330339968541,Not found,2023-10-26
11683128017911881,Not found,2023-10-26
11667832865978771,Not found,2023-10-26
21698314171243036,Not found,2023-10-26
11678042034664905,Not found,2023-10-26
11670538835039723,Not found,2023-10-26
11680697360962319,Not found,2023-10-26
11685655292584318,Not found,2023-10-26
21681138079414725,Not found,2023-10-26
11680259768728519,Not found,2023-10-26
21660660224595451,Not found,2023-10-26
21655710710708909,Not found,2023-10-26
21686661971368513,Not found,2023-10-26
21682611489125769,Not found,2023-10-26
11677592665544508,Not found,2023-10-26
21680176590077062,Not found,2023-10-26
11660808437710934,Not found,2023-10-26
21681967272532901,Not found,2023-10-26
11675068246683623,Not found,2023-10-26
11684167636410307,Not found,2023-10-26
11685289601266394,Not found,2023-10-26
21683319813953954,Not found,2023-10-26
11677589301677629,Not found,2023-10-26
11680877486504055,Not found,2023-10-26
11685367266513806,Not found,2023-10-26
11673717654631456,Not found,2023-10-26
11681465124416089,Not found,2023-10-26
21685599001065260,Not found,2023-10-26
21672847856658894,Not found,2023-10-26
11678291640995017,Not found,2023-10-26
21683326430901995,Not found,2023-10-26
21681989182827085,Not found,2023-10-26
11680113385461826,Not found,2023-10-26
11686317990475611,Not found,2023-10-26
21659365489569707,Not found,2023-10-26
11671101423141473,Not found,2023-10-26
21666091800294058,Not found,2023-10-26
11682836277810238,Not found,2023-10-26
21684333151424022,Not found,2023-10-26
11684149364753313,Not found,2023-10-26
11680530091398478,Not found,2023-10-26
21683542453939377,Not found,2023-10-26
11677580828969997,Not found,2023-10-26
11684834180748783,Not found,2023-10-26
21670680147435229,Not found,2023-10-26
11678307811187501,Not found,2023-10-26
11673855557374754,Not found,2023-10-26
11662884311279336,Not found,2023-10-26
11682513881382446,Not found,2023-10-26
11681803132146493,Not found,2023-10-26
11656408511852965,Not found,2023-10-26
21681272804572315,Not found,2023-10-26
21685534496897546,Not found,2023-10-26
21678545879175485,Not found,2023-10-26
11684266490646464,Not found,2023-10-26
11682948656031013,Not found,2023-10-26
11687292401185395,Not found,2023-10-26
21681573409410663,Not found,2023-10-26
11661786644433543,Not found,2023-10-26
11685546891775166,Not found,2023-10-26
21673170963411875,Not found,2023-10-26
11683215155636009,Not found,2023-10-26
21672812663875671,Not found,2023-10-26
11650483021451382,Not found,2023-10-26
21682332061499252,Not found,2023-10-26
11675346726744434,Not found,2023-10-26
11680782231189914,Not found,2023-10-26
11685607683120340,Not found,2023-10-26
21666428845360094,Not found,2023-10-26
11684253947311670,Not found,2023-10-26
11679633538906509,Not found,2023-10-26
11683383991082400,Not found,2023-10-26
21624283909028840,Not found,2023-10-26
21680342076519551,Not found,2023-10-26
21686754810269917,Not found,2023-10-26
21682580374677874,Not found,2023-10-26
21678811884578844,Not found,2023-10-26
11677766470396733,Not found,2023-10-26
11687113220591008,Not found,2023-10-26
11679315105790008,Not found,2023-10-26
11676365058713519,Not found,2023-10-26
11684378082697897,Not found,2023-10-26
11677767430783453,Not found,2023-10-26
11660641220740224,Not found,2023-10-26
11683029960592377,Not found,2023-10-26
21682070666184416,Not found,2023-10-26
11681816752305072,Not found,2023-10-26
11669733835687846,Not found,2023-10-26
21681458223555003,Not found,2023-10-26
11678109726623890,Not found,2023-10-26
11687250612930995,Not found,2023-10-26
11687003633792910,Not found,2023-10-26
11674172434491479,Not found,2023-10-26
11681827747866843,Not found,2023-10-26
11685004432166185,Not found,2023-10-26
21676022718935713,Not found,2023-10-26
11676718814831250,Not found,2023-10-26
21675069210489017,Not found,2023-10-26
21684408327176318,Not found,2023-10-26
11685447947176016,Not found,2023-10-26
11681922387625898,Not found,2023-10-26
11684237852387026,Not found,2023-10-26
11669033126682960,Not found,2023-10-26
11687292911940540,Not found,2023-10-26
11682229638683062,Not found,2023-10-26
11678258694090377,Not found,2023-10-26
21683280270469820,Not found,2023-10-26
21678654647148589,Not found,2023-10-26
21679134346863873,Not found,2023-10-26
11685029894864801,Not found,2023-10-26
11681818076331202,Not found,2023-10-26
21665665037275147,Not found,2023-10-26
11682092166070555,Not found,2023-10-26
21673017978189505,Not found,2023-10-26
21677857413244404,Not found,2023-10-26
21683220556823535,Not found,2023-10-26
11684248290015691,Not found,2023-10-26
21685452712222218,Not found,2023-10-26
11678341755606881,Not found,2023-10-26
11698248958087130,Not found,2023-10-26
21686397665687055,Not found,2023-10-26
11686404530805209,Not found,2023-10-26
11674706385028518,Not found,2023-10-26
11679559907710789,Not found,2023-10-26
11683037723524618,Not found,2023-10-26
11684101259315424,Not found,2023-10-26
11682705662316058,Not found,2023-10-26
11678115968241344,Not found,2023-10-26
11685204016202901,Not found,2023-10-26
11681142611598271,Not found,2023-10-26
21665593301372384,Not found,2023-10-26
11678825467213789,Not found,2023-10-26
21678534599427682,Not found,2023-10-26
11651655024815107,Not found,2023-10-26
21663604019476248,Not found,2023-10-26
11685364353005079,Not found,2023-10-26
21672243751291488,Not found,2023-10-26
11685166649124179,Not found,2023-10-26
21679305095331337,Not found,2023-10-26
11683179216582408,Not found,2023-10-26
21684053527399899,Not found,2023-10-26
11669819190166338,Not found,2023-10-26
11680091685191365,Not found,2023-10-26
11682023002331889,Not found,2023-10-26
21681149062363954,Not found,2023-10-26
21661854074843642,Not found,2023-10-26
21679658924051884,Not found,2023-10-26
11661854461491298,Not found,2023-10-26
11681989109071270,Not found,2023-10-26
11686573601107845,Not found,2023-10-26
11683528470662298,Not found,2023-10-26
11683115929531594,Not found,2023-10-26
11683356520499595,Not found,2023-10-26
11687353579519194,Not found,2023-10-26
11686922402671482,Not found,2023-10-26
11685364206314547,Not found,2023-10-26
21680419095806356,Not found,2023-10-26
21684845655741994,Not found,2023-10-26
11682712647620126,Not found,2023-10-26
11684926690567184,Not found,2023-10-26
21626166515244239,Not found,2023-10-26
21614684360229271,Not found,2023-10-26
21687214714152572,Not found,2023-10-26
11667195069190215,Not found,2023-10-26
21667727570742503,Not found,2023-10-26
11656321412586169,Not found,2023-10-26
21684577928647417,Not found,2023-10-26
21682346169877587,Not found,2023-10-26
11682594866635431,Not found,2023-10-26
11671370007557271,Not found,2023-10-26
21683284774283791,Not found,2023-10-26
21676786958752989,Not found,2023-10-26
11670952941641269,Not found,2023-10-26
11662063758308814,Not found,2023-10-26
11675007798538564,Not found,2023-10-26
11681822583885392,Not found,2023-10-26
11671440859240951,Not found,2023-10-26
11680951567389163,Not found,2023-10-26
21680528957197578,Not found,2023-10-26
11684275291642151,Not found,2023-10-26
21667853666311261,Not found,2023-10-26
21682697515122852,Not found,2023-10-26
21676897898899201,Not found,2023-10-26
11681824403556157,Not found,2023-10-26
21680415317453470,Not found,2023-10-26
11686650279003629,Not found,2023-10-26
11685375453382468,Not found,2023-10-26
11682170660886221,Not found,2023-10-26
21682536347544275,Not found,2023-10-26
11685973440630791,Not found,2023-10-26
21683799456413030,Not found,2023-10-26
11622547113943054,Not found,2023-10-26
21676543674386678,Not found,2023-10-26
11684494278300914,Not found,2023-10-26
21663329592446794,Not found,2023-10-26
11640610918988958,Not found,2023-10-26
11678301692731841,Not found,2023-10-26
11685178215063884,Not found,2023-10-26
11680869225263815,Not found,2023-10-26
11685528370838865,Not found,2023-10-26
21684672055964177,Not found,2023-10-26
11681825233507041,Not found,2023-10-26
11663074461458535,Not found,2023-10-26
11686937190948826,Not found,2023-10-26
11682932965590316,Not found,2023-10-26
11659519513310970,Not found,2023-10-26
11685953890553963,Not found,2023-10-26
21647966064462395,Not found,2023-10-26
11687003704036784,Not found,2023-10-26
11671820961991100,Not found,2023-10-26
11682229411650104,Not found,2023-10-26
11673868560074225,Not found,2023-10-26
11684231847340368,Not found,2023-10-26
11682421626439876,Not found,2023-10-26
21684184765246183,Not found,2023-10-26
11682772152960694,Not found,2023-10-26
11677057379122699,Not found,2023-10-26
21666986661064036,Not found,2023-10-26
11686381313694282,Not found,2023-10-26
21687254452163578,Not found,2023-10-26
11672848101826569,Not found,2023-10-26
21677752878254952,Not found,2023-10-26
21670203123639363,Not found,2023-10-26
11682600374304208,Not found,2023-10-26
21683878503539396,Not found,2023-10-26
11681131743544738,Not found,2023-10-26
21683019104328561,Not found,2023-10-26
11653120011400248,Not found,2023-10-26
11678869640956560,Not found,2023-10-26
21684737405978681,Not found,2023-10-26
11684182209343618,Not found,2023-10-26
11685097455248620,Not found,2023-10-26
11683209640790936,Not found,2023-10-26
21666962700938989,Not found,2023-10-26
11667576189142547,Not found,2023-10-26
11680445033081399,Not found,2023-10-26
21684768102542385,Not found,2023-10-26
11678453274233241,Not found,2023-10-26
21682076225114340,Not found,2023-10-26
11676647147721342,Not found,2023-10-26
11681236362864718,Not found,2023-10-26
11679662233127413,Not found,2023-10-26
21682440315908346,Not found,2023-10-26
21675099111770700,Not found,2023-10-26
21685623350465437,Not found,2023-10-26
21675680775308739,Not found,2023-10-26
21677570093563653,Not found,2023-10-26
21684498652859003,Not found,2023-10-26
11685290219953732,Not found,2023-10-26
11686148556106133,Not found,2023-10-26
11663776779103640,Not found,2023-10-26
21687243282612098,Not found,2023-10-26
11679321857487212,Not found,2023-10-26
21666019301874015,Not found,2023-10-26
11654026231919762,Not found,2023-10-26
11685454787056702,Not found,2023-10-26
21668177236118913,Not found,2023-10-26
21683285291861910,Not found,2023-10-26
21670344573660295,Not found,2023-10-26
21683304656313562,Not found,2023-10-26
11679646237028217,Not found,2023-10-26
11661348800526329,Not found,2023-10-26
11682335446500746,Not found,2023-10-26
11687196771493143,Not found,2023-10-26
11672774467393921,Not found,2023-10-26
11666520028596819,Not found,2023-10-26
21677166442344884,Not found,2023-10-26
11683819596171979,Not found,2023-10-26
11684162044018432,Not found,2023-10-26
21657694804504183,Not found,2023-10-26
11679502756505083,Not found,2023-10-26
11669463798919720,Not found,2023-10-26
21667288086538232,Not found,2023-10-26
11685359411450588,Not found,2023-10-26
11683276362765081,Not found,2023-10-26
21670584371482169,Not found,2023-10-26
11664257967412697,Not found,2023-10-26
11682088010219293,Not found,2023-10-26
11678788417892852,Not found,2023-10-26
11673024927347640,Not found,2023-10-26
11680889800090778,Not found,2023-10-26
11683784423324919,Not found,2023-10-26
11684661692796049,Not found,2023-10-26
11685618042912161,Not found,2023-10-26
11681125642006029,Not found,2023-10-26
21687199715977214,Not found,2023-10-26
11683117637337321,Not found,2023-10-26
21676118770214616,Not found,2023-10-26
21683729713097565,Not found,2023-10-26
11686081126551081,Not found,2023-10-26
11679753582034670,Not found,2023-10-26
11680708720367757,Not found,2023-10-26
11669583958578840,Not found,2023-10-26
11671010600442621,Not found,2023-10-26
21685372198066972,Not found,2023-10-26
11668259495192675,Not found,2023-10-26
11683754683130593,Not found,2023-10-26
11683547622428114,Not found,2023-10-26
11686757436941630,Not found,2023-10-26
11686822719086136,Not found,2023-10-26
11682081610591460,Not found,2023-10-26
21684690149504070,Not found,2023-10-26
11681061647777444,Not found,2023-10-26
11684824681291957,Not found,2023-10-26
21680196342734267,Not found,2023-10-26
11683703390107305,Not found,2023-10-26
21677243129080339,Not found,2023-10-26
11687291874866865,Not found,2023-10-26
11680554675185470,Not found,2023-10-26
11678126997499196,Not found,2023-10-26
11669725689939011,Not found,2023-10-26
11684161808284542,Not found,2023-10-26
11682434371115616,Not found,2023-10-26
21686898508921417,Not found,2023-10-26
21683171347197082,Not found,2023-10-26
11685088958106658,Not found,2023-10-26
11684259062085774,Not found,2023-10-26
11678721516780538,Not found,2023-10-26
11685608731831179,Not found,2023-10-26
11679635625398516,Not found,2023-10-26
11674140672172924,Not found,2023-10-26
11641459381511105,Not found,2023-10-26
21659938779459678,Not found,2023-10-26
21666875993141232,Not found,2023-10-26
11685709104162519,Not found,2023-10-26
11661516743160872,Not found,2023-10-26
11665573183927268,Not found,2023-10-26
11680378352549976,Not found,2023-10-26
11681900955257898,Not found,2023-10-26
21685252174554934,Not found,2023-10-26
11684313173571535,Not found,2023-10-26
11686315455595327,Not found,2023-10-26
11685364488343770,Not found,2023-10-26
11666104141879114,Not found,2023-10-26
11677945468403148,Not found,2023-10-26
11684477500550499,Not found,2023-10-26
21681805737265083,Not found,2023-10-26
21682951768379263,Not found,2023-10-26
11686578372473292,Not found,2023-10-26
11679674878067267,Not found,2023-10-26
11675093330639694,Not found,2023-10-26
11685210129395331,Not found,2023-10-26
11671108700131061,Not found,2023-10-26
11686061866492944,Not found,2023-10-26
11685447034399752,Not found,2023-10-26
11680363681414845,Not found,2023-10-26
21683621850567050,Not found,2023-10-26
11687092815499229,Not found,2023-10-26
11662456850115203,Not found,2023-10-26
11673509118012019,Not found,2023-10-26
11680861493938128,Not found,2023-10-26
11683636338312808,Not found,2023-10-26
11685376398983859,Not found,2023-10-26
21687276389024845,Not found,2023-10-26
11668781158898408,Not found,2023-10-26
11683395971337131,Not found,2023-10-26
21685438748333963,Not found,2023-10-26
11657962252757454,Not found,2023-10-26
11677146525195642,Not found,2023-10-26
21685699889303458,Not found,2023-10-26
21684152202001690,Not found,2023-10-26
11673451664419056,Not found,2023-10-26
11682515671813540,Not found,2023-10-26
11682952490871950,Not found,2023-10-26
11643653150691980,Not found,2023-10-26
11680984141777290,Not found,2023-10-26
11675187058528908,Not found,2023-10-26
21685517227411817,Not found,2023-10-26
21684834473329626,Not found,2023-10-26
11685447043151747,Not found,2023-10-26
21686774564974589,Not found,2023-10-26
21686039349310584,Not found,2023-10-26
21684785629025770,Not found,2023-10-26
21683190769833671,Not found,2023-10-26
11687254724479240,Not found,2023-10-26
21676449587545243,Not found,2023-10-26
21673899956160612,Not found,2023-10-26
11685290603634135,Not found,2023-10-26
21686327427703462,Not found,2023-10-26
21654773564697869,Not found,2023-10-26
21663603735599671,Not found,2023-10-26
11649412668012989,Not found,2023-10-26
11683741186701072,Not found,2023-10-26
11683214701913694,Not found,2023-10-26
11686504115820204,Not found,2023-10-26
11685368296683411,Not found,2023-10-26
21683100765543707,Not found,2023-10-26
11684532596584793,Not found,2023-10-26
21679750213145945,Not found,2023-10-26
11680279883193754,Not found,2023-10-26
11662036680882674,Not found,2023-10-26
11678386694468218,Not found,2023-10-26
21678194085748707,Not found,2023-10-26
11682511915155956,Not found,2023-10-26
21681391300980726,Not found,2023-10-26
21683027645805126,Not found,2023-10-26
11674638969447296,Not found,2023-10-26
11681310618274056,Not found,2023-10-26
11684407751569857,Not found,2023-10-26
11665333990442377,Not found,2023-10-26
11680112610628620,Not found,2023-10-26
11671626858702729,Not found,2023-10-26
11684314356024206,Not found,2023-10-26
21685621740148175,Not found,2023-10-26
21683646306355734,Not found,2023-10-26
21674705359545018,Not found,2023-10-26
11676476174500381,Not found,2023-10-26
11679212196137147,Not found,2023-10-26
21678188687337652,Not found,2023-10-26
11686681130069620,Not found,2023-10-26
11682794195469468,Not found,2023-10-26
11683118477737461,Not found,2023-10-26
11683532758987379,Not found,2023-10-26
21676367742890475,Not found,2023-10-26
11684143504190376,Not found,2023-10-26
11686940605656112,Not found,2023-10-26
21681979530028221,Not found,2023-10-26
